{"cameraMode":{"drawMode":0,"name":"Shaded","section":"Shading Mode"},"sceneLighting":true,"audioPlay":false,"sceneViewState":{"showFog":true,"showMaterialUpdate":false,"showSkybox":true,"showFlares":true,"showImageEffects":true,"showParticleSystems":true},"in2DMode":false,"pivot":{"x":0.5180412530899048,"y":2.049041748046875,"z":-1.4325661659240723},"rotation":{"x":0.7361433506011963,"y":-0.006091059651225805,"z":0.006625472102314234,"w":0.6767659187316895},"size":19.123624801635743,"orthographic":true}